{"cameraMode":{"drawMode":0,"name":"Shaded","section":"Shading Mode"},"sceneLighting":true,"audioPlay":false,"sceneViewState":{"showFog":true,"showMaterialUpdate":false,"showSkybox":true,"showFlares":true,"showImageEffects":true,"showParticleSystems":true},"in2DMode":false,"pivot":{"x":0.6048002243041992,"y":11.759744644165039,"z":-0.005264759063720703},"rotation":{"x":0.00030876428354531527,"y":-0.0240024384111166,"z":0.00000902861575013958,"w":0.9997221827507019},"size":18.99962043762207,"orthographic":false}